{
  "cell_size": 0.05,
  "grid_shape": {
    "rows": 341,
    "cols": 123
  },
  "world_bounds": {
    "x_min": -3.012076146586507,
    "x_max": 3.1257240362616967,
    "y_min": -10.287613698331079,
    "y_max": 6.712518760254932,
    "z_floor": -1.292565928797903
  },
  "center_offset": {
    "x": -0.09205175343473691,
    "y": -0.11015775932608853,
    "z": 0.2544298373279482
  },
  "note": "To convert grid (i,j) to world: x = x_min + (j+0.5)*cell_size, y = y_min + (i+0.5)*cell_size, z = z_floor"
}