{
  "cell_size": 0.05,
  "grid_shape": {
    "rows": 81,
    "cols": 70
  },
  "world_bounds": {
    "x_min": -1.4341300697285448,
    "x_max": 2.0193326485806096,
    "y_min": -1.90828776182979,
    "y_max": 2.12093687046449,
    "z_floor": -0.7021699892063806
  },
  "center_offset": {
    "x": -0.2926013490306771,
    "y": -0.1063244351080606,
    "z": -0.5047901637412883
  },
  "note": "To convert grid (i,j) to world: x = x_min + (j+0.5)*cell_size, y = y_min + (i+0.5)*cell_size, z = z_floor"
}